variant,key,panel,base,map,value,ratio,rounds,spread
metall,str,build,1000000,boost,201.4510,0.6386,3,0.0214
metall,str,build,1000000,sparse-high,374.0882,1.1859,3,0.0114
metall,str,build,1000000,sparse-low,286.5971,0.9086,3,0.0146
metall,str,build,1000000,sparse-medium,315.4392,1.0000,3,0.0174
metall,str,build,1000000,std,234.9824,0.7449,3,0.0224
metall,str,build,1000000,udm,141.8758,0.4498,3,0.0170
metall,str,buildfree,1000000,boost,251.7215,0.6976,3,0.0091
metall,str,buildfree,1000000,sparse-high,422.7078,1.1715,3,0.0102
metall,str,buildfree,1000000,sparse-low,331.5025,0.9187,3,0.0098
metall,str,buildfree,1000000,sparse-medium,360.8365,1.0000,3,0.0115
metall,str,buildfree,1000000,std,338.0075,0.9367,3,0.0078
metall,str,buildfree,1000000,udm,166.7556,0.4621,3,0.0126
metall,str,churn,1000000,boost,408.4461,0.6772,3,0.0079
metall,str,churn,1000000,sparse-high,615.4604,1.0204,3,0.0097
metall,str,churn,1000000,sparse-low,600.4570,0.9955,3,0.0074
metall,str,churn,1000000,sparse-medium,603.1717,1.0000,3,0.0055
metall,str,churn,1000000,std,824.8090,1.3675,3,0.0120
metall,str,churn,1000000,udm,476.6107,0.7902,3,0.0185
metall,str,disk,1000000,boost,70.3592,0.9848,3,0.0000
metall,str,disk,1000000,sparse-high,69.5267,0.9731,3,0.0000
metall,str,disk,1000000,sparse-low,74.0184,1.0360,3,0.0000
metall,str,disk,1000000,sparse-medium,71.4478,1.0000,3,0.0000
metall,str,disk,1000000,std,68.0318,0.9522,3,0.0000
metall,str,disk,1000000,udm,50.3047,0.7041,3,0.0000
metall,str,diskclear,1000000,boost,70.2886,1.0881,3,0.0000
metall,str,diskclear,1000000,sparse-high,66.1140,1.0235,3,0.0000
metall,str,diskclear,1000000,sparse-low,63.4035,0.9816,3,0.0000
metall,str,diskclear,1000000,sparse-medium,64.5951,1.0000,3,0.0000
metall,str,diskclear,1000000,std,67.9524,1.0520,3,0.0000
metall,str,diskclear,1000000,udm,50.2509,0.7779,3,0.0000
metall,str,diskempty,1000000,boost,0.0000,nan,3,0.0000
metall,str,diskempty,1000000,sparse-high,0.0000,nan,3,0.0000
metall,str,diskempty,1000000,sparse-low,0.0000,nan,3,0.0000
metall,str,diskempty,1000000,sparse-medium,0.0000,nan,3,0.0000
metall,str,diskempty,1000000,std,0.0000,nan,3,0.0000
metall,str,diskempty,1000000,udm,0.0000,nan,3,0.0000
metall,str,diskflushed,1000000,boost,70.2886,0.9838,3,0.0000
metall,str,diskflushed,1000000,sparse-high,69.5267,0.9731,3,0.0000
metall,str,diskflushed,1000000,sparse-low,74.0184,1.0360,3,0.0000
metall,str,diskflushed,1000000,sparse-medium,71.4478,1.0000,3,0.0000
metall,str,diskflushed,1000000,std,67.9524,0.9511,3,0.0000
metall,str,diskflushed,1000000,udm,50.2509,0.7033,3,0.0000
metall,str,diskfreed,1000000,boost,0.0000,0.0000,3,0.0000
metall,str,diskfreed,1000000,sparse-high,64.7035,1.0241,3,0.0000
metall,str,diskfreed,1000000,sparse-low,61.9908,0.9812,3,0.0000
metall,str,diskfreed,1000000,sparse-medium,63.1780,1.0000,3,0.0000
metall,str,diskfreed,1000000,std,56.0388,0.8870,3,0.0000
metall,str,diskfreed,1000000,udm,0.0000,0.0000,3,0.0000
metall,str,diskpeak,1000000,boost,105.5035,1.3894,3,0.0000
metall,str,diskpeak,1000000,sparse-high,73.5522,0.9686,3,0.0000
metall,str,diskpeak,1000000,sparse-low,77.7692,1.0241,3,0.0000
metall,str,diskpeak,1000000,sparse-medium,75.9370,1.0000,3,0.0000
metall,str,diskpeak,1000000,std,68.9895,0.9085,3,0.0000
metall,str,diskpeak,1000000,udm,73.7847,0.9717,3,0.0000
metall,str,find,1000000,boost,155.1092,1.0731,3,0.0102
metall,str,find,1000000,sparse-high,144.1667,0.9973,3,0.0077
metall,str,find,1000000,sparse-low,144.1978,0.9976,3,0.0096
metall,str,find,1000000,sparse-medium,144.5498,1.0000,3,0.0061
metall,str,find,1000000,std,225.9430,1.5631,3,0.0188
metall,str,find,1000000,udm,183.9942,1.2729,3,0.0086
metall,str,iterate,1000000,boost,4.2020,1.6006,3,0.0076
metall,str,iterate,1000000,sparse-high,2.6085,0.9936,3,0.0072
metall,str,iterate,1000000,sparse-low,2.6147,0.9960,3,0.0065
metall,str,iterate,1000000,sparse-medium,2.6253,1.0000,3,0.0042
metall,str,iterate,1000000,std,41.9211,15.9681,3,0.0072
metall,str,iterate,1000000,udm,1.6290,0.6205,3,0.0198
metall,str,metallchunks,1000000,boost,116.8434,1.4595,3,0.0000
metall,str,metallchunks,1000000,sparse-high,78.4534,0.9800,3,0.0000
metall,str,metallchunks,1000000,sparse-low,79.4937,0.9930,3,0.0000
metall,str,metallchunks,1000000,sparse-medium,80.0581,1.0000,3,0.0000
metall,str,metallchunks,1000000,std,73.7867,0.9217,3,0.0000
metall,str,metallchunks,1000000,udm,103.9077,1.2979,3,0.0000
metall,str,metallobjects,1000000,boost,116.8434,2.4666,3,0.0000
metall,str,metallobjects,1000000,sparse-high,45.9052,0.9691,3,0.0000
metall,str,metallobjects,1000000,sparse-low,49.5216,1.0454,3,0.0000
metall,str,metallobjects,1000000,sparse-medium,47.3704,1.0000,3,0.0000
metall,str,metallobjects,1000000,std,73.0257,1.5416,3,0.0000
metall,str,metallobjects,1000000,udm,103.9077,2.1935,3,0.0000
metall,str,metallsegment,1000000,boost,241.8953,2.7434,3,0.0000
metall,str,metallsegment,1000000,sparse-high,86.3756,0.9796,3,0.0000
metall,str,metallsegment,1000000,sparse-low,84.7007,0.9606,3,0.0000
metall,str,metallsegment,1000000,sparse-medium,88.1750,1.0000,3,0.0000
metall,str,metallsegment,1000000,std,89.9384,1.0200,3,0.0000
metall,str,metallsegment,1000000,udm,186.9487,2.1202,3,0.0000
metall,str,rss,1000000,boost,149.9170,1.1258,1,0.0000
metall,str,rss,1000000,sparse-high,130.9505,0.9833,1,0.0000
metall,str,rss,1000000,sparse-low,135.1440,1.0148,1,0.0000
metall,str,rss,1000000,sparse-medium,133.1690,1.0000,1,0.0000
metall,str,rss,1000000,std,128.2689,0.9632,1,0.0000
metall,str,rss,1000000,udm,125.0850,0.9393,1,0.0000
metall,u64,build,1000000,boost,30.2690,0.4179,3,0.0110
metall,u64,build,1000000,sparse-high,91.4806,1.2631,3,0.0149
metall,u64,build,1000000,sparse-low,59.3750,0.8198,3,0.0260
metall,u64,build,1000000,sparse-medium,72.4245,1.0000,3,0.0259
metall,u64,build,1000000,std,83.3464,1.1508,3,0.0572
metall,u64,build,1000000,udm,46.7782,0.6459,3,0.0194
metall,u64,buildfree,1000000,boost,40.3169,0.5323,3,0.0041
metall,u64,buildfree,1000000,sparse-high,93.7439,1.2377,3,0.0100
metall,u64,buildfree,1000000,sparse-low,62.9280,0.8309,3,0.0267
metall,u64,buildfree,1000000,sparse-medium,75.7380,1.0000,3,0.0250
metall,u64,buildfree,1000000,std,114.2672,1.5087,3,0.0088
metall,u64,buildfree,1000000,udm,55.3359,0.7306,3,0.0089
metall,u64,churn,1000000,boost,49.8457,0.4088,3,0.0435
metall,u64,churn,1000000,sparse-high,124.4016,1.0203,3,0.0635
metall,u64,churn,1000000,sparse-low,122.2763,1.0029,3,0.0506
metall,u64,churn,1000000,sparse-medium,121.9239,1.0000,3,0.0190
metall,u64,churn,1000000,std,289.6968,2.3760,3,0.0737
metall,u64,churn,1000000,udm,118.5293,0.9722,3,0.0719
metall,u64,disk,1000000,boost,29.3199,0.9234,3,0.0000
metall,u64,disk,1000000,sparse-high,31.5100,0.9924,3,0.0000
metall,u64,disk,1000000,sparse-low,32.6159,1.0272,3,0.0000
metall,u64,disk,1000000,sparse-medium,31.7528,1.0000,3,0.0000
metall,u64,disk,1000000,std,36.0024,1.1338,3,0.0000
metall,u64,disk,1000000,udm,26.3466,0.8297,3,0.0000
metall,u64,diskclear,1000000,boost,29.2108,1.0307,3,0.0000
metall,u64,diskclear,1000000,sparse-high,28.8786,1.0190,3,0.0000
metall,u64,diskclear,1000000,sparse-low,28.3020,0.9987,3,0.0000
metall,u64,diskclear,1000000,sparse-medium,28.3401,1.0000,3,0.0000
metall,u64,diskclear,1000000,std,35.9227,1.2676,3,0.0000
metall,u64,diskclear,1000000,udm,26.2452,0.9261,3,0.0000
metall,u64,diskempty,1000000,boost,0.0000,nan,3,0.0000
metall,u64,diskempty,1000000,sparse-high,0.0000,nan,3,0.0000
metall,u64,diskempty,1000000,sparse-low,0.0000,nan,3,0.0000
metall,u64,diskempty,1000000,sparse-medium,0.0000,nan,3,0.0000
metall,u64,diskempty,1000000,std,0.0000,nan,3,0.0000
metall,u64,diskempty,1000000,udm,0.0000,nan,3,0.0000
metall,u64,diskflushed,1000000,boost,29.2108,0.9199,3,0.0000
metall,u64,diskflushed,1000000,sparse-high,31.5100,0.9924,3,0.0000
metall,u64,diskflushed,1000000,sparse-low,32.6159,1.0272,3,0.0000
metall,u64,diskflushed,1000000,sparse-medium,31.7528,1.0000,3,0.0000
metall,u64,diskflushed,1000000,std,35.9227,1.1313,3,0.0000
metall,u64,diskflushed,1000000,udm,26.2452,0.8265,3,0.0000
metall,u64,diskfreed,1000000,boost,0.0000,0.0000,3,0.0000
metall,u64,diskfreed,1000000,sparse-high,27.4679,1.0199,3,0.0000
metall,u64,diskfreed,1000000,sparse-low,26.9058,0.9990,3,0.0000
metall,u64,diskfreed,1000000,sparse-medium,26.9328,1.0000,3,0.0000
metall,u64,diskfreed,1000000,std,24.0460,0.8928,3,0.0000
metall,u64,diskfreed,1000000,udm,0.0000,0.0000,3,0.0000
metall,u64,diskpeak,1000000,boost,43.9254,1.3747,3,0.0000
metall,u64,diskpeak,1000000,sparse-high,31.7096,0.9924,3,0.0000
metall,u64,diskpeak,1000000,sparse-low,32.6159,1.0208,3,0.0000
metall,u64,diskpeak,1000000,sparse-medium,31.9516,1.0000,3,0.0000
metall,u64,diskpeak,1000000,std,37.6292,1.1777,3,0.0000
metall,u64,diskpeak,1000000,udm,35.7905,1.1201,3,0.0000
metall,u64,find,1000000,boost,25.2129,0.8116,3,0.0247
metall,u64,find,1000000,sparse-high,30.9904,0.9976,3,0.0158
metall,u64,find,1000000,sparse-low,32.4602,1.0449,3,0.0469
metall,u64,find,1000000,sparse-medium,31.0640,1.0000,3,0.0468
metall,u64,find,1000000,std,52.2476,1.6819,3,0.0271
metall,u64,find,1000000,udm,56.4240,1.8164,3,0.0156
metall,u64,iterate,1000000,boost,2.5422,2.6133,3,0.0044
metall,u64,iterate,1000000,sparse-high,0.9644,0.9914,3,0.0517
metall,u64,iterate,1000000,sparse-low,1.0314,1.0602,3,0.0183
metall,u64,iterate,1000000,sparse-medium,0.9728,1.0000,3,0.0589
metall,u64,iterate,1000000,std,15.7442,16.1844,3,0.1298
metall,u64,iterate,1000000,udm,0.5183,0.5328,3,0.0091
metall,u64,metallchunks,1000000,boost,29.2108,0.7187,3,0.0000
metall,u64,metallchunks,1000000,sparse-high,42.7492,1.0518,3,0.0000
metall,u64,metallchunks,1000000,sparse-low,38.6653,0.9513,3,0.0000
metall,u64,metallchunks,1000000,sparse-medium,40.6426,1.0000,3,0.0000
metall,u64,metallchunks,1000000,std,42.0249,1.0340,3,0.0000
metall,u64,metallchunks,1000000,udm,43.8163,1.0781,3,0.0000
metall,u64,metallobjects,1000000,boost,29.2108,1.5677,3,0.0000
metall,u64,metallobjects,1000000,sparse-high,18.5461,0.9953,3,0.0000
metall,u64,metallobjects,1000000,sparse-low,19.8677,1.0663,3,0.0000
metall,u64,metallobjects,1000000,sparse-medium,18.6328,1.0000,3,0.0000
metall,u64,metallobjects,1000000,std,40.9670,2.1986,3,0.0000
metall,u64,metallobjects,1000000,udm,43.8163,2.3516,3,0.0000
metall,u64,metallsegment,1000000,boost,69.8749,1.6930,3,0.0000
metall,u64,metallsegment,1000000,sparse-high,44.6897,1.0828,3,0.0000
metall,u64,metallsegment,1000000,sparse-low,38.9958,0.9448,3,0.0000
metall,u64,metallsegment,1000000,sparse-medium,41.2730,1.0000,3,0.0000
metall,u64,metallsegment,1000000,std,60.0075,1.4539,3,0.0000
metall,u64,metallsegment,1000000,udm,84.5155,2.0477,3,0.0000
metall,u64,rss,1000000,boost,43.7638,1.3701,1,0.0000
metall,u64,rss,1000000,sparse-high,31.7393,0.9936,1,0.0000
metall,u64,rss,1000000,sparse-low,32.6228,1.0213,1,0.0000
metall,u64,rss,1000000,sparse-medium,31.9432,1.0000,1,0.0000
metall,u64,rss,1000000,std,37.6086,1.1774,1,0.0000
metall,u64,rss,1000000,udm,35.6496,1.1160,1,0.0000
std,str,build,1000000,absl,147.1040,0.6497,3,0.0628
std,str,build,1000000,absl-node,79.1367,0.3495,3,0.0230
std,str,build,1000000,boost,155.5444,0.6870,3,0.0186
std,str,build,1000000,sparse-high,282.3613,1.2470,3,0.0143
std,str,build,1000000,sparse-low,204.0163,0.9010,3,0.0219
std,str,build,1000000,sparse-medium,226.4259,1.0000,3,0.0238
std,str,build,1000000,std,232.9060,1.0286,3,0.0235
std,str,build,1000000,udm,85.5092,0.3776,3,0.0116
std,str,buildfree,1000000,absl,176.9994,0.5919,3,0.0211
std,str,buildfree,1000000,absl-node,251.4473,0.8408,3,0.0032
std,str,buildfree,1000000,boost,182.5955,0.6106,3,0.0126
std,str,buildfree,1000000,sparse-high,357.7546,1.1963,3,0.0169
std,str,buildfree,1000000,sparse-low,277.3624,0.9275,3,0.0203
std,str,buildfree,1000000,sparse-medium,299.0506,1.0000,3,0.0091
std,str,buildfree,1000000,std,415.6978,1.3901,3,0.0200
std,str,buildfree,1000000,udm,105.3271,0.3522,3,0.0106
std,str,churn,1000000,absl,369.9288,0.6076,3,0.0095
std,str,churn,1000000,absl-node,464.5178,0.7629,3,0.0115
std,str,churn,1000000,boost,356.4996,0.5855,3,0.0100
std,str,churn,1000000,sparse-high,617.8908,1.0149,3,0.0127
std,str,churn,1000000,sparse-low,604.6656,0.9931,3,0.0126
std,str,churn,1000000,sparse-medium,608.8473,1.0000,3,0.0097
std,str,churn,1000000,std,648.7781,1.0656,3,0.0104
std,str,churn,1000000,udm,427.2554,0.7017,3,0.0145
std,str,find,1000000,absl,117.8946,0.8247,3,0.0135
std,str,find,1000000,absl-node,114.6255,0.8018,3,0.0038
std,str,find,1000000,boost,148.7894,1.0408,3,0.0123
std,str,find,1000000,sparse-high,142.0710,0.9938,3,0.0074
std,str,find,1000000,sparse-low,142.0385,0.9935,3,0.0103
std,str,find,1000000,sparse-medium,142.9615,1.0000,3,0.0180
std,str,find,1000000,std,225.1164,1.5747,3,0.0084
std,str,find,1000000,udm,131.2795,0.9183,3,0.0040
std,str,iterate,1000000,absl,3.3218,1.2735,3,0.0031
std,str,iterate,1000000,absl-node,6.3783,2.4454,3,0.0032
std,str,iterate,1000000,boost,3.4470,1.3216,3,0.0101
std,str,iterate,1000000,sparse-high,2.6169,1.0033,3,0.0024
std,str,iterate,1000000,sparse-low,2.6200,1.0045,3,0.0233
std,str,iterate,1000000,sparse-medium,2.6083,1.0000,3,0.0212
std,str,iterate,1000000,std,74.9187,28.7232,3,0.0021
std,str,iterate,1000000,udm,1.2884,0.4940,3,0.0106
std,str,memory,1000000,absl,140.0783,1.3364,1,0.0000
std,str,memory,1000000,absl-node,122.2257,1.1661,1,0.0000
std,str,memory,1000000,boost,150.0422,1.4314,1,0.0000
std,str,memory,1000000,sparse-high,103.2458,0.9850,1,0.0000
std,str,memory,1000000,sparse-low,108.2255,1.0325,1,0.0000
std,str,memory,1000000,sparse-medium,104.8187,1.0000,1,0.0000
std,str,memory,1000000,std,135.8312,1.2959,1,0.0000
std,str,memory,1000000,udm,137.5555,1.3123,1,0.0000
std,str,rss,1000000,absl,140.2225,1.3192,1,0.0000
std,str,rss,1000000,absl-node,122.4401,1.1519,1,0.0000
std,str,rss,1000000,boost,150.2290,1.4133,1,0.0000
std,str,rss,1000000,sparse-high,104.6450,0.9845,1,0.0000
std,str,rss,1000000,sparse-low,110.0990,1.0358,1,0.0000
std,str,rss,1000000,sparse-medium,106.2968,1.0000,1,0.0000
std,str,rss,1000000,std,136.2964,1.2822,1,0.0000
std,str,rss,1000000,udm,123.0915,1.1580,1,0.0000
std,u64,build,1000000,absl,15.2470,0.2985,3,0.0206
std,u64,build,1000000,absl-node,27.0348,0.5293,3,0.0354
std,u64,build,1000000,boost,16.3618,0.3204,3,0.0206
std,u64,build,1000000,sparse-high,62.8949,1.2314,3,0.0202
std,u64,build,1000000,sparse-low,45.8795,0.8983,3,0.0288
std,u64,build,1000000,sparse-medium,51.0747,1.0000,3,0.0338
std,u64,build,1000000,std,80.3648,1.5735,3,0.0597
std,u64,build,1000000,udm,18.4055,0.3604,3,0.0481
std,u64,buildfree,1000000,absl,15.2626,0.2870,3,0.0193
std,u64,buildfree,1000000,absl-node,81.0172,1.5236,3,0.0522
std,u64,buildfree,1000000,boost,16.7376,0.3148,3,0.0165
std,u64,buildfree,1000000,sparse-high,63.7301,1.1985,3,0.0101
std,u64,buildfree,1000000,sparse-low,46.3634,0.8719,3,0.0385
std,u64,buildfree,1000000,sparse-medium,53.1746,1.0000,3,0.0177
std,u64,buildfree,1000000,std,133.4582,2.5098,3,0.0573
std,u64,buildfree,1000000,udm,19.3765,0.3644,3,0.0379
std,u64,churn,1000000,absl,59.9813,0.5211,3,0.0673
std,u64,churn,1000000,absl-node,125.7728,1.0928,3,0.0075
std,u64,churn,1000000,boost,36.4855,0.3170,3,0.0106
std,u64,churn,1000000,sparse-high,115.9492,1.0074,3,0.0027
std,u64,churn,1000000,sparse-low,117.2573,1.0188,3,0.0295
std,u64,churn,1000000,sparse-medium,115.0968,1.0000,3,0.0344
std,u64,churn,1000000,std,203.3010,1.7663,3,0.0244
std,u64,churn,1000000,udm,54.8878,0.4769,3,0.0489
std,u64,find,1000000,absl,22.2272,0.7201,3,0.0232
std,u64,find,1000000,absl-node,30.2429,0.9799,3,0.0252
std,u64,find,1000000,boost,20.4626,0.6630,3,0.0464
std,u64,find,1000000,sparse-high,29.8789,0.9681,3,0.0492
std,u64,find,1000000,sparse-low,30.3783,0.9842,3,0.0490
std,u64,find,1000000,sparse-medium,30.8647,1.0000,3,0.0595
std,u64,find,1000000,std,55.3167,1.7922,3,0.0188
std,u64,find,1000000,udm,26.9688,0.8738,3,0.0594
std,u64,iterate,1000000,absl,2.7740,2.8533,3,0.0013
std,u64,iterate,1000000,absl-node,5.5633,5.7224,3,0.0294
std,u64,iterate,1000000,boost,1.8655,1.9188,3,0.0075
std,u64,iterate,1000000,sparse-high,0.9255,0.9520,3,0.0111
std,u64,iterate,1000000,sparse-low,1.0648,1.0952,3,0.0080
std,u64,iterate,1000000,sparse-medium,0.9722,1.0000,3,0.0226
std,u64,iterate,1000000,std,20.9520,21.5511,3,0.0822
std,u64,iterate,1000000,udm,0.3813,0.3922,3,0.0475
std,u64,memory,1000000,absl,40.5283,2.1126,1,0.0000
std,u64,memory,1000000,absl-node,48.0195,2.5030,1,0.0000
std,u64,memory,1000000,boost,43.8166,2.2840,1,0.0000
std,u64,memory,1000000,sparse-high,18.4901,0.9638,1,0.0000
std,u64,memory,1000000,sparse-low,20.5943,1.0735,1,0.0000
std,u64,memory,1000000,sparse-medium,19.1845,1.0000,1,0.0000
std,u64,memory,1000000,std,45.1537,2.3537,1,0.0000
std,u64,memory,1000000,udm,42.4286,2.2116,1,0.0000
std,u64,rss,1000000,absl,54.2661,2.4523,1,0.0000
std,u64,rss,1000000,absl-node,48.2722,2.1814,1,0.0000
std,u64,rss,1000000,boost,58.5606,2.6463,1,0.0000
std,u64,rss,1000000,sparse-high,20.9430,0.9464,1,0.0000
std,u64,rss,1000000,sparse-low,24.0945,1.0888,1,0.0000
std,u64,rss,1000000,sparse-medium,22.1291,1.0000,1,0.0000
std,u64,rss,1000000,std,45.5710,2.0593,1,0.0000
std,u64,rss,1000000,udm,48.7433,2.2027,1,0.0000
